	Frequency	% Fixed alleles
Deserts	0.989332305431879	26.135351736420304
No Deserts (per chr)	0.9852225939380307	14.30579767193387
D+Pey	0.9956218122270741	48.03493449781659
