	Mean frequency	Percent fixed alleles
Deserts	0.9698644049835707	16.182913472070098
No deserts	0.9637084520871937	8.613910606950784
Deserts & Pos. Sel.	0.9945985168067227	46.21848739495798
