	Frequency	% Fixed alleles
Deserts	0.9698644049835707	16.182913472070098
No Deserts (per chr)	0.963943538444223	8.319130462745603
D+Pey	0.9945985168067227	46.21848739495798
